{
  "bindings": [
    {
      "name": "Timer",
      "type": "timerTrigger",
      "direction": "in",
      "schedule": "0 0 * * * *"
    },
    {
      "name": "OutputBlob",
      "type": "blob",
      "path": "spotify/RecentlyPlayed/{DateTime}.csv",
      "connection": "AzureWebJobsStorage",
      "direction": "out"
    },
    {
      "type": "cosmosDB",
      "direction": "out",
      "name": "outputDocument",
      "databaseName": "cosmos-spotifyexport",
      "containerName": "RecentlyPlayed",
      "createIfNotExists": false,
      "connection": "COSMOS_CONNECTION_STRING",
      "partitionKey": "id"
    }
  ]
}
